Codigo,CategoriaCadastro,NomeCadastro
1464,SENSORES,BASE PARA RELE BIVOLT PRETO 305-4
1807,LUM SOBREPOR,LUMI SOBREPOR RD NL- LT018K 18W 3000K
2062,ESPETO JARDIM,ESPETO LED LGP07-B 7W BIVOLT 6500K PRETO
3050,MANGUEIRA LED,CONEXÃO P/ MANG LED XXX
3167,LUM EMBUTIR,LUMINARIA LED PANEL LE002R 15W 3000K 100-240V
3171,LUM EMBUTIR,LUMINARIA LED PANEL LE001Q 10W 3000K 100-240V
3173,LUM EMBUTIR,LUMINARIA LED PANEL LE002Q 15W 3000K 100-240V
3187,FITA LED,FITA LED 5050 6500K 127V 100M
3188,FITA LED,FITA LED 5050 2700K 127V 100M
5072,FITA LED,FITA LED NEON 2835 6500K 127V 50M
5073,FITA LED,FITA LED NEON 2835 3000K 127V 50M
5074,FITA LED,FITA LED NEON 2835 AZUL 127V 50M
5155,PENDENTE,PENDENTE LP-016A SMD 40W 3 EM 1
5272,LAMPADA,LÂMPADA BULBO LED 50W 6500K E27 T140 BIVOLT
5273,FONTE P/ PERFIL,FONTE PERFIL 8.5A 12V 100W
5274,LUM DE MESA,LUMINARIA DE MESA LM-201 E27X1
5275,REFLETOR,REFLETOR LED 30W RGB
5276,REFLETOR,REFLETOR LED 50W RGB
5277,REFLETOR,REFLETOR HOLOFOTE SLIM 10W 6500K
5278,REFLETOR,REFLETOR HOLOFOTE SLIM 20W 6500K
5279,REFLETOR,REFLETOR HOLOFOTE SLIM 30W 6500K
5280,FITA LED P/ PERFIL,FITA LED PERFIL 2835 3000K 240LEDS
5281,FITA LED P/ PERFIL,FITA LED PERFIL 2835 4000K 240LEDS
5282,LUSTRE,LUSTRE LTR-004 E14X25
5283,LUM EMBUTIR,LUMINARIA LED LE005R 18W 6500K
5284,LUM EMBUTIR,LUMINARIA LED LE005R 18W 3000K
5285,LUM EMBUTIR,LUMINARIA LED LE006R 24W 6500K
5286,LUM EMBUTIR,LUMINARIA LED LE006R 24W 3000K
5287,LUM EMBUTIR,LUMINARIA LED LE007R 36W 6500K
5288,LUM EMBUTIR,LUMINARIA LED LE005Q 18W 6500K
5289,LUM EMBUTIR,LUMINARIA LED LE005Q 18W 3000K
5290,LUM EMBUTIR,LUMINARIA LED LE006Q 24W 6500K
5291,LUM EMBUTIR,LUMINARIA LED LE006Q 24W 3000K
5292,LUM EMBUTIR,LUMINARIA LED LE007Q 36W 6500K
5293,LUM EMBUTIR,LUMINARIA LED LE007Q 36W 3000K
5294,LAMPADA,LAMPADA FILAMENTO G45 E27 4W 2200K
5295,PENDENTE,PENDENTE LP-600D 30W 4000K
5296,ARANDELA,ARANDELA LA-600D 10W 4000K
5297,LUM DE MESA,LUMINARIA DE MESA LM-600D 12W 4000K
5298,LUM DE CHÃO,LUMINÁRIA DE CHAO LC-600D 26W 4000K
5299,ARANDELA,ARANDELA LA-300 5W 3 EM 1
5300,ARANDELA,ARANDELA LA-301 5W 3 EM 1
5301,LUM DE CHÃO,LUMINARIA DE CHAO LC-001 28W 4000K
5302,PENDENTE,PENDENTE NTL-001 3W 3 EM 1
5303,PENDENTE,PENDENTE LPL-007 18W 4000K
5304,PENDENTE,PENDENTE LPL-008 15W 4000K
5305,PENDENTE,PENDENTE LPC-001 24W 4000K
5306,PENDENTE,PENDENTE LPC-002 36W 4000K
5307,PENDENTE,PENDENTE LPC-003 48W 4000K
5308,PENDENTE,PENDENTE LP-020 48W 4000K
5309,LUSTRE,LUSTRE LF-001 42W 3 EM 1
5310,PENDENTE,PENDENTE LPL-201 36W 4000K
5311,PENDENTE,PENDENTE LP-019 36W 4000K
5312,PENDENTE,PENDENTE LP-102 32W 4000K
5313,LUM DE MESA,LUMINARIA DE MESA LM-301 15W 4000K
5314,LUM EMBUTIR,LUMI EMBUTIR RD PL-008A 18W 3000K
5315,PENDENTE,PENDENTE LP-018 40W 4000K
5316,LUM DE MESA,LUMINARIA DE MESA LME-001 G9X1
5317,LUM DE MESA,LUMINARIA DE MESA LME-002 G9X1
5318,ARANDELA,ARANDELA MOLECULAR AM-001 G9X4
5319,PENDENTE,LUMINARIA ESPIRAL LE-001 G9X5
5502,PERFIL LED,"LUM. PERFIL EMBUTIR PE006P 2M 24,2MMx18MM"
5503,PERFIL LED,"LUM. PERFIL DE CANTO 90° PE012 2M 15,5MMx15,5MM"
5504,LUM PARA PISO,LUMINARIA PARA PISO 3W 3000K
5505,LUM EMBUTIR,LUMINARIA EMBUTIR QUAD PL-005A 25W BIVOLT 4000K
5506,LUM SOBREPOR,LUMINÁRIA SELENE 001D 36W 4000K
5507,LUM SOBREPOR,LUMINÁRIA SELENE 001P 36W 4000K
5508,LUSTRE,LUSTRE LTD-001 G9X15
5509,LUSTRE,LUSTRE LTK-001 48W 4000K
5510,LUSTRE,LUSTRE LTG-001 80W 4000K
5511,LUSTRE,LUSTRE LTX-007 36W 3 EM 1
5512,LUSTRE,LUSTRE LTX-007 36W 3 EM 1
5513,LUSTRE,LUSTRE LTX-009 66W 3 EM 1
5514,LUSTRE,LUSTRE LTP-017 60W BIVOLT 3 EM 1
5515,ARANDELA,ARANDELA ALQ03 PR 8W 3000K
5516,ARANDELA,ARANDELA ALQ03 PR 8W 6500K
5517,ARANDELA,ARANDELA ALQ03 MR 8W 3000K
5518,ARANDELA,ARANDELA ALQ03 MR 8W 6500K
5519,ARANDELA,ARANDELA ALR02 PR 12W 3000K
5520,ARANDELA,ARANDELA ALR02 PR 12W 6500K
5521,ARANDELA,ARANDELA ALR02 MR 12W 3000K
5522,ARANDELA,ARANDELA ALR02 MR 12W 6500K
5523,REFLETOR,REFLETOR LED 10W 6500K
5524,REFLETOR,REFLETOR LED 20W 6500K
5525,PENDENTE,PENDENTE LP-202N 4000K
5526,SPOT,SPOT MR16 QD BRANCO
5527,SPOT,SPOT MR16 QD PRETO
5528,SPOT,SPOT MR16 QD PRETO E BRANCO
5529,SPOT,LUMINARIA PAR20 QD BRANCA
5530,SPOT,LUMINARIA PAR20 QD PRETA
5531,SPOT,LUMINARIA PAR20 QD PRETA E BRANCA
5532,SPOT,LUMINARIA PAR30 QD BRANCA
5533,SPOT,LUMINARIA AR111 QD BRANCA
5534,SPOT,EMENDA PARA MR16
5535,SPOT,EMENDA PARA PAR20
5536,SPOT,EMENDA PARA PAR30 E AR111
5537,ARANDELA,ARANDELA CANDEEIRO E27X1
5538,REFLETOR,REFLETOR HOLOFOTE SMD SLIM 10W 6500K
5539,REFLETOR,REFLETOR HOLOFOTE LED SMD SLIM 20W 6500K
5540,REFLETOR,REFLETOR HOLOFOTE LED SMD SLIM 30W 6500K
5541,REFLETOR,REFLETOR HOLOFOTE LED SMD SLIM 30W 3000K
5542,REFLETOR,REFLETOR HOLOFOTE LED SMD SLIM 50W 6500K
5543,REFLETOR,REFLETOR HOLOFOTE LED SMD SLIM 50W 3000K
5544,REFLETOR,REFLETOR HOLOFOTE LED SMD SLIM 100W 6500K
5545,REFLETOR,REFLETOR HOLOFOTE LED SMD SLIM 100W 3000K
5546,REFLETOR,REFLETOR HOLOFOTE LED SMD SLIM 300W 6500K
5547,REFLETOR,REFLETOR HOLOFOTE LED SMD SLIM 400W 6500K
5548,REFLETOR,REFLETOR HOLOFOTE LED SMD SLIM 500W 6500K
5549,PENDENTE,PENDENTE NTL-002 6W 3000K
5550,PENDENTE,PENDENTE LP-201P 35W 4000K
5551,PENDENTE,PENDENTE IF-001 35W 4000K
5552,PENDENTE,PENDENTE IF-002 35W 4000K
5553,LAMPADA,LAMPADA LED T110 65W 6500K E27/E40
5554,LAMPADA,LAMPADA LED T150 100W 6500K E27/E40
5555,ESPELHO LED,LUMINARIA ESPELHO LED TOUCH REDONDO ELT-02 24W 3000K
5556,ESPELHO LED,LUMINARIA ESPELHO LED TOUCH RETANGULAR ELT-05 25W 3000K
5557,ESPELHO LED,LUMINARIA ESPELHO LED TOUCH RETANGULAR ELT-04 24W 3000K
5558,ARANDELA,ARANDELA ALM-101PR 4W 3000K
5559,ARANDELA,ARANDELA ALM-102PR 6W 3000K
5560,ARANDELA,ARANDELA ALM-103PR 6W 3000K
5561,FONTE P/ PERFIL,FONTE PERFIL 3A 12V 36W
5562,FONTE P/ PERFIL,FONTE PERFIL 10A 12V 120W
5563,LUSTRE,LUSTRE LTP-020 20W 3 EM 1
5564,LUSTRE,LUSTRE LTP-021 20W 3 EM 1
5565,LUSTRE,LUSTRE LTP-018 25W 3 EM 1
5566,LUSTRE,LUSTRE LTP-019 55W 3 EM 1
5567,LUSTRE,LUSTRE LTX-010 30W 3 EM 1
5568,REFLETOR,REFLETOR LED 30W 6500K
5606,MANGUEIRA LED,MANGUEIRA LED 100M 11M 2 FIOS 6500K 220V
5607,MANGUEIRA LED,MANGUEIRA LED 100M 11MM 2 FIOS 3000K 220V
5608,MANGUEIRA LED,MANGUEIRA LED 100M 11MM 2 FIOS AZUL 220V
5609,MANGUEIRA LED,MANGUEIRA LED 100M 11MM 2 FIOS VERDE 220V
5610,MANGUEIRA LED,MANGUEIRA LED 100M 11MM 2 FIOS VERMELHA 220V
5611,MANGUEIRA LED,MANGUEIRA LED 100M 11MM 2 FIOS COLORIDA 220V
5615,LAMPADA,LÂMPADA LED MR16 GU10 4.8W 3000K
5616,LAMPADA,LÂMPADA LED MR16 GU10 4.8W 6500K
5617,LAMPADA,LÂMPADA LED AR70 GU10 7W 6500K
5618,LAMPADA,LÂMPADA LED AR111 GU10 12W 3000K
5619,LAMPADA,LÂMPADA LED AR111 GU10 12W 6500K
5620,LAMPADA,LÂMPADA LED PAR20 E27 6.5W 3000K
5621,LAMPADA,LÂMPADA LED PAR20 E27 6.5W 6500K
5622,LAMPADA,LÂMPADA LED PAR30 E27 9.9W 3000K
5623,LAMPADA,LÂMPADA LED PAR30 E27 9.9W 6500K
5624,LAMPADA,LÂMPADA BULBO LED A60 11W 6500K
5625,PENDENTE,PENDENTE NTL-004 3W 3 EM 1
5626,PENDENTE,PENDENTE NTL-005 3W 4000K
5627,PENDENTE,PENDENTE NTL-006 6W 3500K
5628,PENDENTE,PENDENTE NTL-007 6W 3500K
5629,PENDENTE,PENDENTE LP-201D 35W 4000K
5630,PENDENTE,PENDENTE LP-302 36W 3 EM 1
5631,REFLETOR,REFLETOR LED 50W.1 6500K
5632,REFLETOR,REFLETOR LED 200W.1 6500K
5633,REFLETOR,REFLETOR LED 300W.1 6500K
5634,REFLETOR,REFLETOR LED 400W.1 6500K
5635,REFLETOR,REFLETOR LED 500W.1 6500K
5636,REFLETOR,REFLETOR LED 600W.1 6500K
5637,REFLETOR,REFLETOR SOLAR 200W RS 6500K ABS 1/2
5638,LUM EMBUTIR,LUMINARIA PL-040A 36W 4000K
5639,LUM SOBREPOR,LUMINARIA LT-040J 36W 4000K
5640,BALIZADOR,BALIZADOR BL03B 2W 3000K PRETO
5641,BALIZADOR,BALIZADOR BL04B 2W 3000K PRETO
5642,PENDENTE,PENDENTE LP-021D 35W 3 EM 1
5643,PENDENTE,PENDENTE LP-202P 3 EM 1
5644,PENDENTE,PENDENTE LP-202D 3 EM 1
5645,PENDENTE,PENDENTE LP-022D 48W 3 EM 1
5646,PENDENTE,PENDENTE NTL-003 4W 3 EM 1
5647,FITA LED,FITA LED 2835 12V 5M 6500K S/ DRIVER
5648,FITA LED,FITA LED 2835 12V 5M 2700K S/ DRIVER
5649,FITA LED,FITA LED 2835 12V 5M RGB S/ DRIVER
5650,FITA LED,FITA LED 2835 COB 12V 5M 6500K S/ DRIVER
5651,FITA LED,FITA LED 2835 COB 12V 5M 3000K S/ DRIVER
5652,FITA LED,FITA LED 5050 12V 5M 6500K S/ DRIVER
5653,FITA LED,FITA LED 5050 12V 5M 3000K S/ DRIVER
5654,FITA LED,FITA LED 5050 12V 5M RGB S/ DRIVER
5655,FITA LED,FITA LED 2835 220V 100M 6500K
5656,FITA LED,FITA LED 2835 220V 100M 2700K
5657,FITA LED,FITA LED 2835 127V 100M 6500K
5658,FITA LED,FITA LED 2835 127V 100M 2700K
5659,FITA LED,FITA LED 2835 220V 50M 6500K/2700K
5661,FITA LED,FITA LED 2835 220V 50M AZUL/2700K
5663,FITA LED,FITA LED NEON 2835 12V 5M 6500K S/ DRIVER
5664,FITA LED,FITA LED NEON 2835 12V 5M 3000K S/ DRIVER
5665,FITA LED,FITA LED NEON 2835 12V 5M AZUL S/ DRIVER
5666,FONTE P/ FITA,FONTE P/ FITA 12V 2A
5667,FONTE P/ FITA,FONTE P/ FITA 12V 3A
5668,FONTE P/ FITA,FONTE P/ FITA 12V 5A
5669,CONTROLADOR,CONTROLADOR + CONTROLE PARA FITA LED 2835 RGB 12V
5670,CONTROLADOR,CONTROLADOR + CONTROLE PARA FITA LED 5050 RGB 12V
5671,CONTROLADOR,CONTROLE REMOTO INTELIGENTE
5672,RABICHO,KIT RABICHO FITA LED P/2835
5673,RABICHO,KIT RABICHO FITA LED P/2835 2 EM 1 220V
5674,RABICHO,KIT RABICHO FITA LED P/2835 2 EM 1 127V
5675,LUM SOBREPOR,LUMIN DE SOBREPOR SP-012N 18W BIVOLT 4000K BRANCO
5676,LUM SOBREPOR,LUMIN DE SOBREPOR SP-014N 24W BIVOLT 4000K BRANCO
5677,LUM SOBREPOR,LUMIN DE SOBREPOR SP-015N 32W BIVOLT 4000K BRANCO
5678,LUM INDUSTRIAL,LUMINARIA LED UFO INDUSTRIAL 100W 6500K
5679,LUM INDUSTRIAL,LUMINARIA LED UFO INDUSTRIAL 150W 6500K
5680,LUM INDUSTRIAL,LUMINARIA LED UFO INDUSTRIAL 200W 6500K
5681,LAMPADA,LAMP TUBULAR T8 18W 3000K
5682,LAMPADA,LAMP TUBULAR T8 18W 4000K
5683,PENDENTE,PENDENTE LP-203D 30W 4000K
5684,PENDENTE,PENDENTE LP-203P 30W 4000K
5685,PENDENTE,PENDENTE LP-204D 45W 4000K
5686,PENDENTE,PENDENTE LP-204P 45W 4000K
5687,LUSTRE,LUSTRE LTG-002A 75W 3500K
5688,LUSTRE,LUSTRE LTG-002B 75W 3500K
5689,LUSTRE,LUSTRE LTG-001 80W 3000K
5690,LUMINARIA,LUMINÁRIA ULTRA SLIM 36W 120CM 6500K
5691,LUMINARIA,LUMINÁRIA ULTRA SLIM 18W 60CM 6500K
5692,PERFIL LED,"LUM. PERFIL DE SOBREPOR PE007P 2M 26MMx26,7MM"
5693,PERFIL LED,"LUM. PERFIL DE SOBREPOR PE007P 3M 26MMx26,7MM"
5694,LUSTRE,LUSTRE LTK-001 48W 3000K
5695,PERFIL LED,LUM. PERFIL EMBUTIR PE001B 2M
5696,PERFIL LED,LUMINARIA PERFIL DE EMBUTIR PE003P 2M
5697,PERFIL LED,LUMINARIA PERFIL DE EMBUTIR PE006B 1M
5698,PERFIL LED,LUMINARIA PERFIL DE EMBUTIR PE006P 1M
5699,PERFIL LED,LUMINARIA PERFIL DE CANTO PE012 3M
5700,LAMPADA,LÂMPADA LED E27 4.8W 6500K
5701,LAMPADA,LÂMPADA BULBO LED T70 20W 6500K
5702,LAMPADA,LÂMPADA BULBO LED T80 30W 6500K
5703,LAMPADA,LÂMPADA BULBO LED T100 40W 6500K
5704,LAMPADA,LAMPADA BULBO LED T120 50W 6500K
5705,LUM EMBUTIR,LUMI EMBUTIR QD PL-003A 12W 4000K
5706,LUM SOBREPOR,LUMI SOBREPOR QD LT012J 12W 4000K
5707,LUM SOBREPOR,LUMI SOBREPOR QD LT018J 18W 4000K
5708,LUM SOBREPOR,LUMI SOBREPOR QD NL-LT24J 24W 4000K
5709,PENDENTE,PENDENTE LP-400D 45W 3 EM 1
5710,PENDENTE,PENDENTE LP-400P 45W 3 EM 1
5711,LUM URBANA,LUMINÁRIA LED URBANA 50W 6500K
5712,LUM URBANA,LUMINÁRIA LED URBANA 100W 6500K
5713,LUM URBANA,LUMINÁRIA LED URBANA 150W 6500K
5714,LUM URBANA,LUMINÁRIA LED URBANA 200W 6500K
5715,REFLETOR,REFLETOR LED LV 10W VERDE
5716,REFLETOR,REFLETOR LED LV 20W VERDE
5717,REFLETOR,REFLETOR LED LB 30W 6500K
5718,REFLETOR,REFLETOR LED LV 30W VERDE
5719,REFLETOR,REFLETOR LED LB 100W 6500K
5720,REFLETOR,REFLETOR LED LB 150W 6500K
5721,PENDENTE,PENDENTE LP-02D 40W 3 EM 1
5722,FONTE P/ PERFIL,FONTE PERFIL 2A 12V 24W
5723,FONTE P/ PERFIL,FONTE PERFIL 3A 12V 36W
5724,FONTE P/ PERFIL,FONTE PERFIL 5A 12V 60W
5725,FONTE P/ PERFIL,FONTE PERFIL 8.5A 12V 100W
5726,FONTE P/ PERFIL,FONTE PERFIL 10A 12V 120W
5727,FONTE P/ PERFIL,"FONTE PERFIL 12,5A 12V 150W"
5728,LUM TRILHO,LUMINARIA TRILHO MAGNETICA LTM-100P 10W 4000K
5729,LUM TRILHO,LUMINARIA TRILHO MAGNETICA LTM-101P 20W 4000K
5730,LUM TRILHO,LUMINARIA TRILHO MAGNETICA LTM-200P 12W 4000K
5731,LUM TRILHO,LUMINARIA TRILHO MAGNETICA LTM-201P 18W 4000K
5732,LUM TRILHO,LUMINARIA TRILHO MAGNETICA ARTICULADA LTMA-001P 12W 4000K
5733,LUM TRILHO,LUMINARIA TRILHO MAGNETICA ARTICULADA LTMA-002P 18W 4000K
5734,FONTE TRILHO,FONTE PARA TRILHO M 2A 48V 100W
5735,FONTE TRILHO,FONTE PARA TRILHO M 4A 48V 200W
5736,LUM TRILHO,TRILHO PARA LUMINARIA 2M PRETO
5737,LUM TRILHO,TRILHO PARA LUMINARIA 3M PRETO
5738,LUM TRILHO,EMENDA U PARA TRILHO MAGNETICO
5739,LUM TRILHO,EMENDA I PARA TRILHO MAGNETICO
5740,LUM TRILHO,EMENDA PARA TRILHO MAGNETICO L1
5741,LUM TRILHO,EMENDA PARA TRILHO MAGNETICO L2
5742,ARANDELA,ARANDELA CORDA AC-01 E27X1
5743,LUM SOBREPOR,LUMINARIA SELENE 002D DOURADO 45W 4000K
5744,LAMPADA,"LAMPADA G9 3,5W SMD 2200K"
5745,LUM EMBUTIR,LUMINARIA SUPER SLIM 72W 6500K
5746,LUSTRE,LUSTRE LTP-022 SMD 25W 3 EM 1
5747,PENDENTE,PENDENTE LP-023D SMD 25W 3 EM 1
5748,LUM URBANA,LUMINARIA PARA POSTE 50W 6500K AC100-240V
5749,LUM URBANA,LUMINARIA PARA POSTE 100W 6500K AC100-240V
5750,LUM URBANA,LUMINARIA PARA POSTE 150W 6500K AC100-240C
5751,LUM URBANA,LUMINARIA PARA POSTE 200W 6500K AC100-240V
5752,REFLETOR,REFLETOR HOLOFOTE LED SMD SLIM 400W 6500K
5753,REFLETOR,REFLETOR HOLOFOTE LED SMD SLIM 500W 6500K
5754,ARANDELA,ARANDELA ALC61 8W PR 3000K PRETA
5755,ARANDELA,ARANDELA ALQ35 8W PR 3000K PRETA
5756,ARANDELA,ARANDELA ALR35 12W PR 3000K PRETA
5757,DRIVER,DRIVER PARA LUMINARIA PAINEL 40X40 36W
5758,DRIVER,DRIVER PARA LUMINARIA PAINEL 62X62 45W
5760,LUM SOBREPOR,LUMINÁRIA SP-001N 16W 4000K
5761,LUM SOBREPOR,LUMINÁRIA SP-002N 20W 4000K
5762,LUM SOBREPOR,LUMINÁRIA SP-003N 24W 4000K
5763,LUM SOBREPOR,LUMINÁRIA SP-004N 16W 4000K
5764,LUM SOBREPOR,LUMINÁRIA SP-005N 20W 4000K
5765,LUM SOBREPOR,LUMINÁRIA SP-006N 24W 4000K
5766,REFLETOR,REFLETOR LED LB 10W 6500K
5767,REFLETOR,REFLETOR LED LB 20W 6500K
5775,LUM SOBREPOR,LUMINARIA SELENE-002P 45W 4000K
5776,LUM SOBREPOR,LUMINARIA SELENE 101D 45W 3 EM 1
5777,PENDENTE,PENDENTE LP-016A PLUS 52W 3 EM 1
5778,PENDENTE,PENDENTE LP-016P PLUS 52W 3 EM 1
5779,PENDENTE,PENDENTE LP-800 115W 3500K
5780,PENDENTE,PENDENTE LP-801 140W 3500K
5781,PENDENTE,PENDENTE LP-802 160W 3500K
5783,ARANDELA,ARANDELA LA-601S 10W 4000K
5784,LUM DE MESA,LUMINÁRIA DE MESA LM-601S 10W 4000K
5785,PENDENTE,PENDENTE LP-601S 26W 4000K
5786,LUM SOBREPOR,LUMINARIA LD-601S 26W 4000K
5787,LUM EMBUTIR,PAINEL DE EMBUTIR 62X62 45W 4000K
5788,LAMPADA,LAMP TUBULAR T8 40W 6500K
5789,PENDENTE,PENDENTE LP-601D 10W 4000K
5791,FITA LED,FITA LED 5050 12V 5M S/ DRIVER 60LEDS 14.4W/M
5793,FITA LED,FITA LED NEON 2835 127V 25M 6500K
5794,FITA LED,FITA LED NEON 2835 127V 25M 3000K
5795,FITA LED,FITA LED NEON 2835 127V 25M AZUL
5796,FITA LED,FITA LED NEON 2835 127V 25M VERDE
5797,FITA LED,FITA LED NEON 2835 127V 25M VERMELHA
5798,FITA LED,FITA LED NEON 2835 220V 25M 6500K
5799,FITA LED,FITA LED NEON 2835 220V 25M 3000K
5800,FITA LED,FITA LED NEON 2835 220V 25M AZUL
5801,FITA LED,FITA LED NEON 2835 220V 25M VERDE
5802,FITA LED,FITA LED NEON 2835 220V 25M VERMELHA
5803,RABICHO,KIT RABICHO P/FITA LED 5050
5804,RABICHO,KIT RABICHO P/FITA LED NEON
5806,LUSTRE,LUSTRE LTX-012 SMD 60W 3 EM 1
5807,PENDENTE,PENDENTE LP-602D 20W 4000K
5808,LUM SOBREPOR,LUMINARIA LP-S001D 40W 3 EM 1
5809,PERFIL LED,"LUM. PERFIL EMBUTIR PE009P 3M 24,2MMX18MM"
5810,PENDENTE,PENDENTE SELENE-Q-004D 46W 3 EM 1
5811,PENDENTE,PENDENTE SELENE-Q-006D 75W 3 EM 1
5812,PENDENTE,PENDENTE LP-024D 42W 3 EM 1
5813,PENDENTE,PENDENTE LP-025D 45W 3 EM 1
5814,PENDENTE,PENDENTE LP-025P 45W 3 EM 1
5815,PENDENTE,PENDENTE LP-700D 36W 3 EM 1
5816,PENDENTE,PENDENTE LP-700P 36W 3 EM 1
5817,ARANDELA,ARANDELA SUBLIMME-001Q 8W 3 EM 1
5818,ARANDELA,ARANDELA SUBLIMME-001R 10W 3 EM 1
5819,ARANDELA,ARANDELA SUBLIMME-002R 9W 3 EM 1
5820,ESPELHO LED,ESPELHO LED TOUCH ELT-06 24W 3000K
5821,ESPELHO LED,ESPELHO LED TOUCH ELT-07 24W 3000K
5822,ESPELHO LED,ESPELHO LED TOUCH ELT-101 24W 3000K
5823,ESPELHO LED,ESPELHO LED TOUCH ELT-102 24W 3000K
5824,ESPELHO LED,ESPELHO LED TOUCH ELT-201 24W 3000K
5825,PENDENTE,PENDENTE LED INFINITE-001D 7W 3 EM 1
5826,LUM SOBREPOR,LUMINÁRIA DE SOBREPOR LSE-001B
5827,LUM SOBREPOR,LUMINÁRIA DE SOBREPOR LSE-001P
5828,LUM SOBREPOR,LUMINARIA SUBLIMME-001Q 40W 3 EM 1
5829,LUM SOBREPOR,LUMINARIA SUBLIMME-001R 20W 3 EM 1
5830,LUM SOBREPOR,LUMINARIA SUBLIMME-002Q 40W 3 EM 1
5831,LUM SOBREPOR,LUMINÁRIA SUBLIMME-002R 32W 3 EM 1
5832,LUMINARIA,LUMINÁRIA PLAFON LED SPQ-001D 25W 3 EM 1
5833,LUMINARIA,LUMINÁRIA PLAFON LED SPR-001D 25W 3 EM 1
5834,PENDENTE,LUMINARIA LED PENDENTE LP-402D SMD 48W 3 EM 1
5835,PENDENTE,LUMINARIA LED PENDENTE LP-402P SMD 48W 3 EM 1
5836,PENDENTE,LUMINARIA LED PENDENTE LP-403D SMD 58W 3 EM 1
5837,PENDENTE,LUMINARIA LED PENDENTE LP-403P SMD 58W 3 EM 1
5838,REFLETOR,REFLETOR MODULAR LED 50W 6000K
5839,REFLETOR,REFLETOR MODULAR LED 100W 6000K
5840,REFLETOR,LUMINÁRIA DE EMBUTIR P/ REFLETOR MODULAR 50W
5841,REFLETOR,LUMINÁRIA DE EMBUTIR P/ REFLETOR MODULAR 100W
5842,REFLETOR,SUPORTE P/ REFLETOR MODULAR 50W
5843,REFLETOR,SUPORTE P/ REFLETOR MODULAR 100W
5844,REFLETOR,SUPORTE LATERAL P/ REFLETOR MODULAR 1X50W
5845,REFLETOR,SUPORTE LATERAL P/ REFLETOR MODULAR 2X50W
5846,REFLETOR,SUPORTE LATERAL P/ REFLETOR MODULAR 3X50W
5847,REFLETOR,SUPORTE LATERAL P/ REFLETOR MODULAR 4X50W
5848,REFLETOR,SUPORTE LATERAL P/ REFLETOR MODULAR 5X50W
5849,REFLETOR,SUPORTE LATERAL P/ REFLETOR MODULAR 1X100W
5850,REFLETOR,SUPORTE LATERAL P/ REFLETOR MODULAR 2X100W
5851,REFLETOR,SUPORTE LATERAL P/ REFLETOR MODULAR 3X100W
5852,REFLETOR,SUPORTE LATERAL P/ REFLETOR MODULAR 4X100W
5853,REFLETOR,SUPORTE LATERAL P/ REFLETOR MODULAR 5X100W
5854,REFLETOR,LUMINÁRIA DE EMBUTIR P/ REFLETOR MODULAR 2X50W
5855,REFLETOR,LUMINÁRIA DE EMBUTIR P/ REFLETOR MODULAR 3X50W
5856,REFLETOR,LUMINÁRIA DE EMBUTIR P/ REFLETOR MODULAR 2X100W
5857,LUM TRILHO,KIT LUMINARIA TRILHO 3X8W PRETO 3000K
5858,LUM TRILHO,KIT LUMINARIA TRILHO 3X8W BRANCO 3000K
5860,PENDENTE,LUMINARIA LED PENDENTE LP-404D SMD 86W 4000K
5861,PENDENTE,LUMINARIA LED PENDENTE LP-404P SMD 86W 4000K
5862,PENDENTE,LUMINARIA LED PENDENTE LP-405D SMD 132W 4000K
5863,PENDENTE,LUMINARIA LED PENDENTE LP-405P SMD 132W 4000K
5864,LUM EMBUTIR,LUMINARIA SUPER SLIM 36W 4000K
5874,LUM JARDIM,LUMINARIA LED GARDEN LPG-001 100W 6500K
5895,JARDIM,CORTADOR DE GRAMA CGM-001V
5896,LAMPADA,LÃMPADA BULBO A60 15W 6500K
5897,LAMPADA,LAMPADA BULBO A60 12W 6500K E27
5898,LAMPADA,LÂMPADA BULBO A55 4.9W 6500K
5899,LUSTRE,LUSTRE LTC-200P E27x1
5900,LUSTRE,LUSTRE LTC-200D E27x1
5901,ARANDELA,LUSTRE ARANDELA LA-005 E14X1
5902,LUSTRE,LUSTRE LTC-201D E27x1
5903,LUSTRE,LUSTRE LTC-202D E27x1
5904,LUSTRE,LUSTRE LTC-203D E27x1
5905,LUSTRE,LUSTRE LTC-204D E27x1
5906,LUSTRE,LUSTRE LTX-011 SMD 30W 3 EM 1
5907,PENDENTE,PENDENTE LP-017A 45W 3000K/4000K/6000K
5908,PENDENTE,LUMINARIA PENDENTE LP-020A 48W 3 EM 1
5912,PENDENTE,LUMINARIA PENDENTE LED LP-600A 3 EM 1
5913,ARANDELA,ARANDELA LA-600A 10W 3 EM 1
5914,LUM DE MESA,LUMINARIA DE MESA MAGNETICA LMM-001B 1 A 3W 4000K
5915,LUMINARIA,LUMINÁRIA PLAFON LED PSR-001P 25W
5916,PENDENTE,LUMINARIA PENDENTE LP-800M 115W 3500K
5917,PENDENTE,LUMINARIA PENDENTE LP-801M 140W 3500K
5918,PENDENTE,LUMINARIA PENDENTE LP-802M 160W 3500K
5919,PENDENTE,LUMINARIA PENDENTE ACR-001D 30W 3000K
5920,ARANDELA,ARANDELA LED ACRILICA ALA-001 7W 3 EM 1
5921,ARANDELA,ARANDELA LED ACRILICA ALA-002 7W 3 EM 1
5922,LUSTRE,LUSTRE LTF-001 E14x8
5923,LUSTRE,LUSTRE LTR-014 E14x8
5924,LUSTRE,LUSTRE LTR-015 E14x8
5925,LUSTRE,LUSTRE LTB-004 E14x9
5926,LUSTRE,LUSTRE LTB-005 E14x8
5927,LUSTRE,LUSTRE LTB-006 E14x12
5928,LUSTRE,LUSTRE LTR-016 E14X12
5930,SENSORES,ANUNCIADOR DE PRESENCA NT-50
5931,SENSORES,SENSOR NT-43
5932,SENSORES,SENSOR NT-39
5933,PERFIL LED,LUM. PERFIL SOBREPOR PS201B 2M 23MMx20MM
5934,PERFIL LED,LUM. PERFIL SOBREPOR PS201B 3M 23MMx20MM
5935,PERFIL LED,"LUM. PERFIL EMBUTIR PE013B 2M 16,8MMx14,3MM"
5936,PERFIL LED,"LUM. PERFIL EMBUTIR PE013B 3M 16,8MMx14,3MM"
5937,PERFIL LED,"LUM. PERFIL EMBUTIR PE014B 2M 50,4MMx35MM"
5938,PERFIL LED,"LUM. PERFIL EMBUTIR PE014B 3M 50,4MMx35MM"
5939,PERFIL LED,LUM. PERFIL SOBREPOR PS202B 2M 50MMx70MM
5940,PERFIL LED,LUM. PERFIL SOBREPOR PS202P 2M 50MMx70MM
5941,PERFIL LED,LUM. PERFIL EMBUTIR PE301S 100M FLEXIVEL 25MMx10MM
5942,LUMINARIA,LUMINÁRIA PLAFON LED PSR-001C 25W
5943,LUMINARIA,LUMINÁRIA PLAFON LED PSR-001B 25W
5944,LAMPADA,LAMPADA LED BULBO T60 20W
5945,LUM URBANA,LUMINARIA PARA POSTE LPP-050 50W 5000K
5946,LUM URBANA,LUMINARIA PARA POSTE LPP-100 100W 5000K
5947,LUM URBANA,LUMINARIA PARA POSTE LPP-150 150W 5000K
5948,LUM URBANA,LUMINARIA PARA POSTE LPP-200 200W 5000K
5949,REFLETOR,REFLETOR LED SLIM LR 10W RGB
5950,REFLETOR,REFLETOR LED SLIM LB-01 20W 6500K
5951,REFLETOR,REFLETOR LED SLIM LR 20W RGB
5952,REFLETOR,REFLETOR LED SLIM LV-01 20W VERDE
5953,REFLETOR,REFLETOR LED SLIM LB-01 30W 6500K
5954,REFLETOR,REFLETOR LED SLIM LB-01 50W 6500K
5955,REFLETOR,REFLETOR LED SLIM LR 50W RGB
5956,REFLETOR,REFLETOR LED SLIM LV-01 50W VERDE
5957,REFLETOR,REFLETOR LED SLIM LB-01 100W 6500K
5958,REFLETOR,REFLETOR LED SLIM LB-01 150W 6500K
5959,REFLETOR,REFLETOR LED SLIM LB-01 200W 6500K
5960,REFLETOR,REFLETOR LED SLIM LB-01 300W 6500K
5961,REFLETOR,REFLETOR LED SLIM LB-01 400W 6500K
5962,REFLETOR,REFLETOR LED SLIM LB-01 600W 6500K
5963,LUM INDUSTRIAL,LUMINARIA INDUSTRIAL UFO-01 200W
5964,REFLETOR,LUMINARIA REFLETOR SOLAR 200W
5965,LAMPADA,LÂMPADA LED BULBO T80 40W 6500K
5966,LAMPADA,LÂMPADA LED BULBO T100 50W 6500K
5967,LAMPADA,LAMPADA LED BULBO T70 30W
5970,PENDENTE,PENDENTE LP-803 85W 3500K
5972,ARANDELA,ARANDELA SELENE-001D 3 EM 1
5973,ARANDELA,ARANDELA SELENE-001P 3 EM 1
5978,ARANDELA,ARANDELA LED ALM-101BR 4W 3000K
5979,ARANDELA,ARANDELA LED ALM-102BR 6W 3000K
5980,PENDENTE,PENDENTE LP-602S 35W 3 EM 1
5981,LUM EMBUTIR,LUMINARIA DE EMBUTIR PL-004B 18W
5982,LUM EMBUTIR,LUMINARIA DE EMBUTIR PL-005B 24W
5983,LUM SOBREPOR,LUMINARIA DE SOBREPOR LT-018B 18W
5984,LUM SOBREPOR,LUMINARIA DE SOBREPOR LT-024B 24W
5985,LAMPADA,BULBO LED 65W E27 6500K
5986,LAMPADA,BULBO LED 80W E27 6500K
5987,LAMPADA,BULBO LED 100W E27 6500K
5989,ABAJUR,ABAJUR TOUCH RECARREGAVEL ATS-001
5990,ABAJUR,ABAJUR TOUCH RECARREGAVEL ATS-003
5991,ABAJUR,ABAJUR CLASSIC-001
5992,ABAJUR,ABAJUR CLASSIC-002
5993,LUM SOBREPOR,LUMINÁRIA SELENE-003D
5994,LUM SOBREPOR,LUMINÁRIA SELENE-003P
5995,LUM SOBREPOR,LUMINÁRIA SELENE-Q-002D
5996,LUM SOBREPOR,LUMINÁRIA SELENE-Q-002P
5997,ABAJUR,ABAJUR SLIM-001 E27X1
5998,ABAJUR,ABAJUR HORUS-001P E2X1
5999,ABAJUR,ABAJUR HORUS-001B E27X1
6000,ABAJUR,ABAJUR DROP-001P E27X1
6001,ABAJUR,ABAJUR DROP-001B E27X1 - CUPULA
6002,ABAJUR,ABAJUR FAT-001VM E27X1
6003,ABAJUR,ABAJUR FAT-001B E27X1
6004,ABAJUR,ABAJUR FAT-001P E27X1
6005,LUMINARIA,LUMINARIA PLAFON RL-001C 22W 3 EM 1
6006,ARANDELA,ARANDELA LA-002M
6007,ARANDELA,LUSTRE ARANDELA LA-003M
6008,ARANDELA,LUSTRE ARANDELA LA-001M
6009,ARANDELA,ARANDELA ORBE-102M
6010,PENDENTE,LUMINARIA PENDENTE ACR-002D 28W
6011,PERFIL LED,LUMINARIA PERFIL PE-P001 3M
6012,PERFIL LED,LUMINARIA PERFIL PE-G001 2M
6013,PERFIL LED,LUMINARIA PERFIL PE-G001 3M
6014,PERFIL LED,LUMINÁRIA PERFIL PE-R001 3M
6015,PERFIL LED,LUMINÁRIA PERFIL PE-R002 3M
6016,PERFIL LED,LUMINÁRIA PERFIL PE-R003 3M
6017,PERFIL LED,LUMINÁRIA PERFIL PE-V001 1M
6018,PERFIL LED,LUMINÁRIA PERFIL PE-V001 2M
6019,PERFIL LED,PERFIL PE-S001B 3M BRANCA
6020,PERFIL LED,PERFIL PE-S002B 3M BRANCO
6021,PERFIL LED,PERFIL PE-S003B 3M BRANCO
6022,PERFIL LED,PERFIL PE-S004 3M
6023,PERFIL LED,PERFIL EMBUTIR PE002B 3M 23.6x7MM
6024,PERFIL LED,PERFIL EMBUTIR PE003B 3M 24.2x14.3MM
6025,PERFIL LED,LUM. PERFIL EMBUTIR PE002B 2M 23.6MMx7MM
6026,PERFIL LED,LUM. PERFIL EMBUTIR PE003B 2M 24.2MMx14.3MM
6027,PERFIL LED,"PERFIL DE EMBUTIR PE006 2M 24,2MMx18MM"
6028,PERFIL LED,"LUM. PERFIL EMBUTIR PE009 3M 24,2MMx18MM"
6029,LUSTRE,LUSTRE LTF-001D E14x8
6030,LUM EMERGENCIA,LUMINÁRIA DE EMERGÊNCIA 2W 30LEDS 6500K
6031,PENDENTE,PENDENTE LED INFINITE-001G 7W 3 EM 1
6032,PERFIL LED,PERFIL EMBUTIR PE-C001 2M
6033,PERFIL LED,PERFIL EMBUTIR PE-C001 3M
6034,PERFIL LED,PERFIL EMBUTIR PE-C002 2M
6035,PERFIL LED,PERFIL EMBUTIR PE-C002 3M
6036,PERFIL LED,PERFIL EMBUTIR PE-E001C 2M CINZA
6038,LUM EMBUTIR,LUMINARIA PANEL LED 1240X310MM 48W 6500K 100-240V ALUMINIO
6039,PENDENTE,PENDENTE LED ACR-201D 82W 3500K
6040,PENDENTE,PENDENTE LED ACR-200D 41W 3500K
6041,PENDENTE,PENDENTE LED SQUARES-001M 90W 3500K
6045,FONTE P/ PERFIL,FONTE P/ PERFIL 5A 24V 120W
6046,FONTE P/ PERFIL,FONTE P/ PERFIL 6.25A 24V 150W
6047,ABAJUR,ABAJUR CLASSIC-003B E27x1
6048,LUM SOBREPOR,LUMINARIA SOBREPOR LP-S002B 48W 3 EM 1
6049,LUM SOBREPOR,LUMINARIA SOBREPOR LP-S002D 48W 3 EM 1
6050,LUM SOBREPOR,LUMINARIA SOBREPOR LP-S003B 55W 3 EM 1
6051,LUM SOBREPOR,LUMINARIA SOBREPOR LP-S003D 55W 3 EM 1
6052,LUM SOBREPOR,LUMINARIA SOBREPOR ECLIPSE-001P 44W 3 EM 1
6053,LUM SOBREPOR,LUMINARIA SOBREPOR ECLIPSE-001D 44W 3 EM 1
6054,LUM SOBREPOR,LUMINARIA SOBREPOR GEO-001P 48W 3 EM 1
6055,LUM SOBREPOR,LUMINARIA SOBREPOR GEO-001D 48W 3 EM 1
6056,LUM DE CHÃO,LUMINÁRIA DE CHÃO LC-601D 9W 3000K
6057,LUM DE MESA,LUMINÁRIA DE MESA ACRÍLICO LMA-001D 5W 3000K
6058,PENDENTE,PENDENTE ACR-003D 20W 3 EM 1
6059,PENDENTE,PENDENTE ILUSION-002D 85W 3500K
6060,PENDENTE,PENDENTE ILUSION-001D 60W 3500K
6061,PENDENTE,PENDENTE LED SQUARES-003M 90W 3000K
6064,PENDENTE,PENDENTE LP-04A 40W 3000K
6065,CABO DE SUSPENSÃO,CABO DE SUSPENSÃO P/ PERFIL CSP-001 2M
6066,LUSTRE,LUSTRE LTR-017 E14X12
6067,LUSTRE,LUSTRE LTR-018 E14X16
6068,LUSTRE,LUSTRE LTR-019 E14X10
6069,ARANDELA,ARANDELA LA-006 E14x2
6071,ARANDELA,ARANDELA LED GOLD BAR AGB-001D 8W 3 EM 1
6072,ARANDELA,ARANDELA LED LA-001P 3EM1 12W 3 EM 1
6073,ARANDELA,ARANDELA LED LA-002P 3EM1 24W 3 EM 1
6074,ARANDELA,ARANDELA LED LA-001A 3EM1 12W 3 EM 1
6075,ARANDELA,ARANDELA LED LA-002A 3EM1 24W 3 EM 1
6076,PENDENTE,PENDENTE LPL-008A 15W 3000K
6077,ARANDELA,ARANDELA LED ALM-103BR 8W 3000K
6078,FONTE P/ PERFIL,FONTE P/ PERFIL 1A 24V 24W
6079,FONTE P/ PERFIL,FONTE P/ PERFIL 1.5A 24V 36W
6080,FONTE P/ PERFIL,FONTE P/ PERFIL 2.5A 24V 60W
6081,FONTE P/ PERFIL,FONTE P/ PERFIL 4.25A 24V 100W
6083,PENDENTE,PENDENTE LED SQUARES-002M 46W 3000K
6084,PENDENTE,PENDENTE ACRILICO ACR-300P 90W 3000K
6085,PENDENTE,PENDENTE ACRÍLICO ACR-301P 135W 3000K
6086,PENDENTE,PENDENTE LP-601A 10W 3 EM 1
6087,PENDENTE,PENDENTE ACR-007D 7W 3 EM 1
6088,ARANDELA,ARANDELA ALA-004D 10W 3000K
6089,ARANDELA,ARANDELA ALA-005D 10W 3000K
6092,LUM URBANA,LUMINÁRIA PARA POSTE COM FOTOCÉLULA LPP-050A 50W 5000K
6093,LUM URBANA,LUMINÁRIA PARA POSTE COM FOTOCÉLULA LPP-100A 100W 5000K
6094,LUM URBANA,LUMINÁRIA PARA POSTE COM FOTOCÉLULA LPP-150A 150W 5000K
6095,LUM URBANA,LUMINÁRIA PARA POSTE COM FOTOCÉLULA LPP-200A 200W 5000K
6096,PENDENTE,PENDENTE LPB-001 E27x1
6097,PENDENTE,PENDENTE LPB-002 E27x1
6098,PENDENTE,PENDENTE LPB-003 E27x1
6099,PENDENTE,PENDENTE LPB-004 E27x1
6100,PENDENTE,PENDENTE LPB-005 E27x1
6101,PENDENTE,PENDENTE LPB-006 E27x1
6102,PENDENTE,PENDENTE LPB-007 E27x1
6103,PENDENTE,PENDENTE LP-101A 15W 3000K
6104,FITA LED P/ PERFIL,FITA LED PERFIL 2835 3000K 5M
6105,FITA LED P/ PERFIL,FITA LED PERFIL 2835 4000K 5M
6106,FITA LED P/ PERFIL,FITA LED PERFIL 2835 3000K 240LEDS
6107,FITA LED P/ PERFIL,FITA LED PERFIL 2835 4000K 240LEDS
6108,LUM SOBREPOR,LUMINARIA SOBREPOR LP-S004B 20W 3 EM 1
6109,PENDENTE,PENDENTE LP-023B SMD 25W 3 EM 1
6110,PENDENTE,PENDENTE LP-602A 20W 3000K
6111,PENDENTE,LUMINARIA LED PENDENTE LP-404A 86W 3000K
6112,PENDENTE,PENDENTE LED LP-026D 60W 3 EM 1
6113,PENDENTE,PENDENTE ACR-203B 75W 3000K
6115,LAMPADA,LAMPADA LED MR16 GU10 6.5W 3000K
6116,LAMPADA,LAMPADA LED MR16 GU10 6.5W 6500K
6117,PENDENTE,PENDENTE LED LUX-001 7W 3000K
6118,PENDENTE,PENDENTE LED LUX-002 10W 3000K
6119,PENDENTE,PENDENTE LED LUX-003 7W 3000K
6120,PENDENTE,PENDENTE PLN-001C 15W 3 EM 1
6121,PENDENTE,PENDENTE LED LP-900P 135W 3000K
6122,PENDENTE,PENDENTE LED LP-017M 45W 3 EM 1
6123,LUM SOBREPOR,LUMINÁRIA DE SOBREPOR LSQ-001P GU10x1
6124,LUM SOBREPOR,LUMINÁRIA DE SOBREPOR LSQ-002P E27x1
6125,LUM DE CHÃO,LUMINÁRIA DE CHÃO LED LC-920 12W 4000K
6126,LUM DE CHÃO,LUMINÁRIA DE CHÃO LED LC-930 23W 4000K
6127,LUM DE CHÃO,LUMINÁRIA DE CHÃO LED LC-940 15W 4000K
6128,LUM DE MESA,LUMINÁRIA DE MESA LED LM-301N 16W 4000K
6129,LUM SOBREPOR,LUMINÁRIA SOBREPOR LED LP-S005N 11W 3000K
6130,PENDENTE,PENDENTE LED SQUARES-004C 135W 3000K
6131,LUSTRE,LUSTRE LED LTP-002A 45W 3000K
6133,FITA LED P/ PERFIL,FITA LED 2835 FTA-001 3000K 12V 240LEDS 10MM 5M IP20
6134,FITA LED P/ PERFIL,FITA LED 2835 FTA-002 4000K 12V 120LEDS 8mm 5M IP20
6135,FITA LED P/ PERFIL,FITA LED 2835 FTA-002 3000K 12V 120LEDS 8mm 5M IP20
6136,FITA LED P/ PERFIL,FITA LED 2835 FTA-004 2700K 12V 120LEDS 8mm 5M IP68
6137,FITA LED P/ PERFIL,FITA LED 3535 FTA-005 2700K 220V 120LEDS 8mm 100M
6138,FITA LED P/ PERFIL,FITA LED 3535 FTA-005 2700K 220V 120LEDS 8mm 100M
6139,PERFIL LED,"LUM. PERFIL SOBREPOR PE010 3M 23MMx26,7MM"
6140,PERFIL LED,"LUM. PERFIL SOBREPOR PE007 2M 23MMx26,7MM"
6141,PERFIL LED,"LUM. PERFIL DE SOBREPOR PE007P 2M 26MMx26,7MM"
6142,PERFIL LED,"LUM. PERFIL EMBUTIR PE008 2M 36MMx26,7MM"
6143,PERFIL LED,"LUM. PERFIL EMBUTIR PE011 3M 36MMx26,7MM"
6144,ESPETO JARDIM,LUMINARIA ESPETO DE JARDIM EJL-001P 10W PR 3000K
6145,ESPETO JARDIM,LUMINARIA ESPETO DE JARDIM EJL-002P 10W PR 3000K
6146,ESPETO JARDIM,LUMINARIA ESPETO DE JARDIM EJL-002P 10W PR 6500K
6147,ESPETO JARDIM,LUMINARIA ESPETO DE JARDIM EJL-002P 10W PR VERDE
6148,LUM TRILHO,LUMINARIA TRILHO HORIZONTAL LTH-001P 10W 3000K
6149,LUM TRILHO,LUMINARIA TRILHO HORIZONTAL LTH-001P 10W 6500K
6150,LUM TRILHO,LUMINARIA TRILHO HORIZONTAL LTH-001B 10W 3000K
6151,LUM TRILHO,LUMINARIA TRILHO HORIZONTAL LTH-001B 10W 6500K
6152,LUM TRILHO,LUMINARIA TRILHO HORIZONTAL LTH-002P 10W 3000K
6153,LUM TRILHO,LUMINARIA TRILHO HORIZONTAL LTH-002P 10W 6500K
6154,LUM TRILHO,LUMINARIA TRILHO HORIZONTAL LTH-002B 10W 3000K
6155,LUM TRILHO,LUMINARIA TRILHO HORIZONTAL LTH-002B 10W 6500K
6156,LUM TRILHO,LUMINARIA TRILHO HORIZONTAL LTH-003P 20W 3000K
6157,LUM TRILHO,LUMINARIA TRILHO HORIZONTAL LTH-003P 20W 6500K
6158,LUM TRILHO,LUMINARIA TRILHO HORIZONTAL LTH-003B 20W 3000K
6159,LUM TRILHO,LUMINARIA TRILHO HORIZONTAL LTH-003B 20W 6500K
6160,LUM TRILHO,LUMINARIA TRILHO HORIZONTAL LTH-004P 20W 3000K
6161,LUM TRILHO,LUMINARIA TRILHO HORIZONTAL LTH-004P 20W 6500K
6162,LUM TRILHO,LUMINARIA TRILHO HORIZONTAL LTH-004B 20W 3000K
6163,LUM TRILHO,LUMINARIA TRILHO HORIZONTAL LTH-004B 20W 6500K
6164,BALIZADOR,LUMINARIA BALIZADOR LED VERTICAL BL01-30P 8W 3000K 30CM
6165,BALIZADOR,LUMINARIA BALIZADOR LED VERTICAL BL01-30P 8W 3000K 65CM
6166,BALIZADOR,LUMINARIA BALIZADOR LED VERTICAL BL02-30P 8W 3000K 30CM
6167,BALIZADOR,LUMINARIA BALIZADOR LED VERTICAL BL02-30P 8W 3000K 65CM
6168,BALIZADOR,LUMINARIA BALIZADOR LED SOLAR BLS-001P 3000K
6169,BALIZADOR,ARANDELA LED SOLAR ALS-001P 2W 3000K
6170,PENDENTE,PENDENTE LED NTL-008 3000K 5W
6171,LUSTRE,LUSTRE LED LTJ-001 120W 3000K
6172,LUSTRE,LUSTRE LED LTJ-002 160W 3000K
6173,LUSTRE,LUSTRE LED LTJ-003 800W 3000K
6175,LUM DE CHÃO,LUMINÁRIA DE CHÃO LED LC-900P 26W 4000K
6176,LUSTRE,LUSTRE LTR-022 E14x14
6177,LUSTRE,LUSTRE LTR-023 E14x28
6178,LUSTRE,LUSTRE LTR-024 E14x16
6179,LUSTRE,LUSTRE LTR-025 E14x6
6180,LUSTRE,LUSTRE LTR-026 E14x17
6181,LUSTRE,LUSTRE LTR-027 E14x37
6182,ARANDELA,ARANDELA LA-601S 10W 3000K
6183,FITA LED P/ PERFIL,FITA LED 2835 FTA-003 3000K 12V 120LEDS 5MM 5M IP20
6184,FITA LED P/ PERFIL,FITA LED 2835 FTA-001 4000K 12V 240LEDS 5M IP20 10mm
6185,PENDENTE,LUMINARIA LED PENDENTE LP-405D SMD 132W 3000K
6186,PENDENTE,PENDENTE LP-405P 132W 3000K
6187,PENDENTE,PENDENTE LED LP-201D 3000K 35W
6189,ARANDELA,ARANDELA LED ACRÍLICA ALA-006D 6W 3 EM 1
6190,ARANDELA,ARANDELA LED ALN-001C 8W 3500K
6191,LUSTRE,LUSTRE LED LTM-02 GU10 63W 3000K
6192,LUSTRE,LUSTRE LED LTM-03 GU10 56W 3000K
6193,LUSTRE,LUSTRE LED LTM-04 GU10 98W 3000K
6195,PERFIL LED,"PERFIL DE EMBUTIR PE006 2M 24,2MMx18MM"
6197,PERFIL LED,PERFIL PE007P PRETO 3M 23x26.7mm ALUMINIO
6198,PERFIL LED,PERFIL PE012 3M 15.5x15.5mm ALUMINIO
6199,KIT EMENDA,KIT EMENDA/FONTE PARA FITA LED 2835-3535
6200,REFLETOR,REFLETOR LED SLIM LV-01 30W VERDE
6201,ARANDELA,ARANDELA LED ACRILICA ALA-002L 9W 3 EM 1
6202,PENDENTE,PENDENTE LED ACRÍLICO ACR-004 15W 3000K
6203,PENDENTE,PENDENTE LED ACRÍLICO ACR-005 30W 3000K
6204,ARANDELA,ARANDELA LED ACRÍLICA ALA-003A
6205,ARANDELA,ARANDELA LED ACRÍLICA ALA-003B
6206,LUM DE MESA,LUMI DE MESA ACRÍLICA LMA-002D
6207,PENDENTE,PENDENTE LP-201P PRETO 35W 3000K
6208,LUSTRE,LUSTRE LTX-013 25W 3000K
6209,LUSTRE,LUSTRE LED LTX-014 3000K 30W
6210,LUSTRE,LUSTRE LTP-023 25W 3000K
6211,LUSTRE,LUSTRE LTR-020 E14x28
6212,LUSTRE,LUSTRE LTR-021 E14x42
6213,PENDENTE,PENDENTE NT-102D E27x1
6214,PENDENTE,PENDENTE ACR-009D 3000K 25W
6215,PENDENTE,PENDENTE ACR-010D 3000K 15W
6216,PENDENTE,PENDENTE LED LP-603P 20W 3000K
6217,PENDENTE,PENDENTE LED LP-603D 20W 3000K
6218,PENDENTE,PENDENTE LP-027P 30W 3000K
6219,PENDENTE,PENDENTE LP-027D 30W 3000K
6220,ARANDELA,ARANDELA LED ALN-101B 12W 3000K
6221,ARANDELA,ARANDELA ALN-101D 12W 3000K
6222,LUSTRE,LUSTRE LTB-006G G9x12
6223,ARANDELA,ARANDELA ALM-201G 2W
6224,ARANDELA,ARANDELA ALM-202G 4W
6225,ARANDELA,ARANDELA ALM-203G 6W
6226,ARANDELA,ARANDELA ALM-204G 8W
6230,PENDENTE,PENDENTE LED CONEXION-001D 3000K 85W
6231,LUM DE CHÃO,LUMINÁRIA DE CHÃO LED LC-601S 35W 4000K
6232,ARANDELA,ARANDELA LED ACRILICA ALA-007D 3000K 10W
6233,REFLETOR,REFLETOR LED SLIM LB-01 500W 6500K
6234,PENDENTE,PENDENTE LED ACRÍLICO ACR-006D 30W 3000K
6235,SPOT,LUMINARIA SPOT TRILHO ST-007B 7W 3000K BRANCA
6236,SPOT,LUMINARIA SPOT TRILHO ST-007B 7W 6500K BRANCA
6237,SPOT,LUMINARIA SPOT TRILHO ST-007P 7W 3000K PRETA
6238,SPOT,LUMINARIA SPOT TRILHO ST-007P 7W 6500K PRETA
6239,SPOT,LUMINARIA SPOT TRILHO ST-010B 10W 3000K BRANCA
6240,SPOT,LUMINARIA SPOT TRILHO ST-010B 10W 6500K BRANCA
6241,SPOT,LUMINARIA SPOT TRILHO ST-010P 10W 3000K PRETA
6242,SPOT,LUMINARIA SPOT TRILHO ST-010P 10W 6500K PRETA
6243,SPOT,LUMINARIA SPOT TRILHO ST-020B 20W 3000K BRANCA
6244,SPOT,LUMINARIA SPOT TRILHO ST-020B 20W 6500K BRANCA
6245,SPOT,LUMINARIA SPOT TRILHO ST-020P 20W 3000K PRETA
6246,SPOT,LUMINARIA SPOT TRILHO ST-020P 20W 6500K PRETA
6247,LUM TRILHO,EMENDA I PARA TRILHO ST PRETO
6248,LUM TRILHO,EMENDA I PARA TRILHO ST BRANCO
6249,LUM TRILHO,EMENDA L PARA TRILHO ST PRETO
6250,LUM TRILHO,EMENDA L PARA TRILHO ST BRANCO
6251,LUM INDUSTRIAL,LUMINARIA UFO INDUSTRIAL 100W 100-240V 6500K
6252,LUM INDUSTRIAL,LUMINARIA UFO INDUSTRIAL 150W 100-240V 6500K
6253,LUM INDUSTRIAL,LUMINARIA UFO INDUSTRIAL 200W 100-240V 6500K
6254,LUM INDUSTRIAL,LUMINARIA UFO INDUSTRIAL 300W 100-240V 6500K
6255,LUM TRILHO,TRILHO PARA LUMINARIA ST SPOT PRETO 1M ABS
6256,LUM TRILHO,TRILHO PARA LUMINARIA ST SPOT BRANCO 1M ABS
6257,LUM TRILHO,TRILHO PARA LUMINARIA ST SPOT PRETO 2M ABS
6258,LUM TRILHO,TRILHO PARA LUMINARIA ST SPOT BRANCO 2M ABS
6259,LUM SOBREPOR,LUMINARIA SELENE 002D DOURADO 45W 3 EM 1
6260,LUM PUBLICA,ILUMINAÇÃO PÚBLICA LED IPL-001 50W 5000K
6261,LUM PUBLICA,ILUMINAÇÃO PÚBLICA LED C/ BASE FOTOCÉLULA IPLB-001 50W 5000K
6262,LUM PUBLICA,ILUMINAÇÃO PÚBLICA LED IPL-002 100W 5000K
6263,LUM PUBLICA,ILUMINAÇÃO PÚBLICA LED C/ BASE FOTOCÉLULA IPLB-002 100W
6264,LUM PUBLICA,ILUMINAÇÃO PÚBLICA LED IPL-003 150W 5000K
6265,LUM PUBLICA,ILUMINAÇÃO PÚBLICA LED C/ BASE FOTOCÉLULA IPLB-003 150W 5000K
6266,LUM PUBLICA,ILUMINAÇÃO PÚBLICA LED IPL-004 200W 5000K
6267,LUM PUBLICA,ILUMINAÇÃO PÚBLICA LED C/ BASE FOTOCÉLULA IPLB-004 200W 5000K
6268,LUM EMERGENCIA,LUMINÁRIA DE EMERGÊNCIA 2W 30LEDS 6500K
6269,REFLETOR,REFLETOR SOLAR RSL-050A 50W 6500K
6270,REFLETOR,REFLETOR SOLAR RSL-100A 100W 6500K
6271,REFLETOR,REFLETOR SOLAR RSL-200A 200W 6500K
6272,LUM SOBREPOR,LUMINARIA EMBUTIR REDONDO PL-07RP 12W 6500K
6273,LUM SOBREPOR,LUMINARIA EMBUTIR REDONDO PL-08RP 18W 6500K
6274,LUM SOBREPOR,LUMINARIA EMBUTIR REDONDO PL-09RP 25W 6500K
6275,LUM SOBREPOR,LUMINARIA EMBUTIR QUADRADO PL-03QP 12W 6500K
6276,LUM SOBREPOR,LUMINARIA EMBUTIR QUADRADO PL-04QP 18W 6500K
6277,LUM SOBREPOR,LUMINARIA EMBUTIR QUADRADO PL-05QP 25W 6500K
6278,LUM SOBREPOR,LUMINARIA SOBREPOR REDONDO LT-012RP 12W 6500K
6279,LUM SOBREPOR,LUMINARIA SOBREPOR REDONDO LT-018RP 18W 6500K
6280,LUM SOBREPOR,LUMINARIA SOBREPOR REDONDO LT-024RP 24W 6500K
6281,LUM SOBREPOR,LUMINARIA SOBREPOR QUADRADO LT-012QP 12W 6500K
6282,LUM SOBREPOR,LUMINARIA SOBREPOR QUADRADO LT-018QP 18W 6500K
6283,LUM SOBREPOR,LUMINARIA SOBREPOR QUADRADO LT-018QP 18W 3000K
6284,LUM SOBREPOR,LUMINARIA SOBREPOR QUADRADO LT-024QP 24W 6500K
6285,LUM SOBREPOR,LUMINARIA SOBREPOR QUADRADO LT-024QP 24W 3000K
6286,ARANDELA,ARANDELA LA-410D G9x1
6287,PENDENTE,PENDENTE NT-410D G9x1
6288,PENDENTE,PENDENTE GRAPE-001 G9x3
6289,PENDENTE,PENDENTE LED NTL-009 3W 3000K
6290,ARANDELA,ARANDELA LED SPELL-101BD 9W 3000K
6291,ARANDELA,ARANDELA LED SPELL-101PD 9W 3000K
6292,PENDENTE,PENDENTE LED SPELL-001BD 9W 3000K
6293,PENDENTE,PENDENTE LED SPELL-001PD 9W 3000K
6294,PENDENTE,PENDENTE LED WIZARD-001P 10W 3000K
6295,PENDENTE,PENDENTE LED WIZARD-001D 10W 3000K
6296,PENDENTE,PENDENTE LED WIZARD-101P 10W 3000K
6297,PENDENTE,PENDENTE LED WIZARD-101D 10W 3000K
6298,PENDENTE,LUMINARIA MOLECULAR LM-006 G9X8
6299,LUM DE CHÃO,LUMINÁRIA DE CHÃO LED LC-700D 3000K
6300,LUM DE CHÃO,LUMINÁRIA DE CHÃO LED LC-800D
6301,LUM URBANA,LUMINARIA P/POSTE FOTOCELULA LPP-100B 100W 5000K
6302,LUM URBANA,LUMINARIA P/POSTE FOTOCELULA LPP-150B 150W 5000K
6303,LUM URBANA,LUMINARIA P/POSTE FOTOCELULA LPP-200B 200W 5000K
6304,PENDENTE,LUMINARIA LED PENDENTE LP-501D 75W 3000K
6305,PENDENTE,PENDENTE LED NTL-010 15W 3000K
6306,LUM DE MESA,LUMINÁRIA DE MESA LM-302P 8W 4000K
6307,LUM DE MESA,LUMINÁRIA DE MESA BALANCE-001P 16W 4000K
6308,LUM DE MESA,LUMINÁRIA DE MESA BALANCE-001B 16W 4000K
6312,PENDENTE,PENDENTE NTL-012D 12W 3000K
6313,PENDENTE,PENDENTE NTL-012P 12W 3000K
6314,PENDENTE,PENDENTE NTL-013D 15W 3000K
6315,PENDENTE,PENDENTE NTL-013P 15W 3000K
6316,PENDENTE,PENDENTE NTL-011D 3W 3000K
6317,PENDENTE,PENDENTE LED LP-031D 65W 3000K
6318,PENDENTE,PENDENTE LED LP-030D 26W 3000K
6319,PENDENTE,PENDENTE LED SQUARES-102D 85W 3000K
6320,PENDENTE,PENDENTE LED SQUARES-202D 55W 3000K
6321,PENDENTE,PENDENTE LED SOLARIS-200D 250W 3000K
6322,PENDENTE,PENDENTE LED SOLARIS-003D 65W 3000K
6323,PENDENTE,PENDENTE LED SOLARIS-002D 65W 3000K
6324,PENDENTE,PENDENTE LED SOLARIS-001D 30W 3000K
6325,PENDENTE,PENDENTE LED LP-029B 15W 3000K
6326,PENDENTE,PENDENTE LED SQUARES-201D 48W 3000K
6327,ARANDELA,ARANDELA ATL-002D 3W 3000K
6328,ARANDELA,ARANDELA ATL-001D 6W 3500K
6329,LAMPADA,LAMPADA LED FILAMENTO G80 E27 4W 2200K
6331,LUM DE MESA,LUMINARIA DE MESA CAPRI-001 E27x1
6332,LUM DE MESA,LUMINARIA DE MESA CAPRI-002 E27x1
6333,LUM DE MESA,LUMINARIA DE MESA CAPRI-003 E27x1
6334,PENDENTE,PENDENTE CAPRI-004 E27x1
6335,PENDENTE,PENDENTE CAPRI-005 E27x1
6336,LUM DE CHÃO,LUMINÁRIA DE CHÃO CAPRI-006 E27x1
6337,PENDENTE,PENDENTE LED ACRÍLICO ACR-401D 6W 3500K
6338,PENDENTE,PENDENTE SQUARES-101D 42W 3000K
6339,PENDENTE,PENDENTE LED LP-028N 42W 3000K
6340,PENDENTE,PENDENTE LED LP-031N 24W 3000K
6341,PENDENTE,PENDENTE LED LP-032N 42W 3000K
6346,REFLETOR,REFLETOR LED 20W 6500K 100-240V
6347,REFLETOR,REFLETOR LED 20W VERDE 100-240V
6348,REFLETOR,REFLETOR LED 50W VERDE 100-240V
6349,REFLETOR,REFLETOR LED 50W 6500K 100-240V
6350,REFLETOR,REFLETOR LED 50W 3000K 100-240V
6351,REFLETOR,REFLETOR LED 100W 3000K 100-240V
6352,REFLETOR,REFLETOR LED 200W 6500K 100-240V
6353,REFLETOR,REFLETOR LED 400W 6500K 100-240V
6354,PENDENTE,PENDENTE LPB-007L E27x1
6355,PENDENTE,PENDENTE LPB-003L E27x1
6356,PENDENTE,PENDENTE LPB-004L E27x1
6362,PENDENTE,PENDENTE NTL-300 5W 3000K
6363,PENDENTE,PENDENTE NTL-301 8W 3000K
6364,PENDENTE,PENDENTE NTL-014 5W 3000K
6365,PENDENTE,PENDENTE NTL-015 5W 3000K
6366,ARANDELA,ARANDELA ALA-008D 5W 3000K/4000K/6000K
6367,LUMINARIA,LUMINÁRIA SOBREPOR LSA-001R 15W 3000K
6368,LUMINARIA,LUMINÁRIA SOBREPOR LSA-002R 20W 3 EM 1
6369,LUMINARIA,LUMINÁRIA SOBREPOR LSA-003R 25W 3 EM 1
6370,LUMINARIA,LUMINÁRIA SOBREPOR LSA-001Q 15W 3000K
6371,LUMINARIA,LUMINÁRIA SOBREPOR LSA-002Q 20W 3 EM 1
6372,LUMINARIA,LUMINÁRIA SOBREPOR LSA-003Q 25W 3 EM 1
6375,LUMINARIA,LUMINARIA SELENE 002P PRETO 45W 3 EM 1
6376,PENDENTE,PENDENTE LP-01D SMD 35W 3 EM 1
6384,PENDENTE,PENDENTE LED LP-600 30W 3 EM 1
6388,PENDENTE,PENDENTE LP-02N 40W 3000K
6390,LUMINARIA,PLAFON LED QUADRADO PSQ-030B 3 EM 1
6391,LUMINARIA,PLAFON LED QUADRADO PSQ-030P 3 EM 1
6392,LUMINARIA,PLAFON LED QUADRADO PSQ-040B 3 EM 1
6393,LUMINARIA,PLAFON LED QUADRADO PSQ-040P 3 EM 1
6394,LUMINARIA,PLAFON LED QUADRADO PSQ-050B 3 EM 1
6395,LUMINARIA,PLAFON LED QUADRADO PSQ-050P 3 EM 1
6396,PENDENTE,PENDENTE LM-002P G9X5
6397,PENDENTE,PENDENTE NTL-016 5W 3000K
6398,PENDENTE,PENDENTE NTL-017 5W 3000K
6399,PENDENTE,PENDENTE PLC-001 25W 3000K
6400,PENDENTE,PENDENTE PLC-002 38W 3000K
6401,ARANDELA,ARANDELA ACL-001 8W 3000K
6402,ARANDELA,ARANDELA ACL-002 12W 3000K
6403,PENDENTE,PENDENTE PLC-101 5W 3000K
6404,PENDENTE,PENDENTE PLC-102 18W 3000K
6412,LÂMPADA,LÂMPADA FILAMENTO VINTAGE 4W 1800K
6413,LAMPADA,LÂMPADA FILAMENTO GLOW 4W 1800K
6414,LÂMPADA,LÂMPADA FILAMENTO FLAME 4W 1800K
6415,LÂMPADA,LÂMPADA FILAMENTO AMBAR 4W 2200K
6416,ABAJUR,ABAJUR MUSE BRANCO E27
6417,ABAJUR,ABAJUR BLOOM VERDE 3 EM 1 RECARREGÁVEL
6418,ABAJUR,ABAJUR BLOOM PRETO 3EM1 RECARREGÁVEL
6419,ABAJUR,ABAJUR BLOOM CINZA 3EM1 RECARREGÁVEL
6420,ABAJUR,ABAJUR BLOOM ROSA 3EM1 RECARREGÁVEL
6421,PENDENTE,PENDENTE ONYX PRETO GU10x1
6422,PENDENTE,PENDENTE ONYX ÂMBAR GU10x1
6423,LUMINARIA,PLAFON ARBOR LARGE PRETO 30W 3EM1
6424,PENDENTE,PENDENTE ARBOR LARGE PRETO 30W 3EM1
6425,LUMINARIA,PLAFON ARBOR 380 PRETO 18W 3EM1
6426,LUMINARIA,PLAFON ARBOR 380 BRANCO 18W 3EM1
6427,LUMINARIA,PLAFON ARBOR 480 PRETO 30W 3EM1
6428,LUMINARIA,PLAFON ARBOR 480 BRANCO 30W 3EM1
6440,LUIMINARIA,LUMINÁRIA SOBREPOR LED SP-013 18W 3000K
6441,LUMINARIA,LUMINÁRIA SOBREPOR LED SP-014 24W 3000K
6442,LUMINARIA,LUMINÁRIA SOBREPOR LED SP-015 32W 3000K
6443,ARANDELA,ARANDELA LED AL-29-PR 2W 3000K PRETA
6444,ARANDELA,ARANDELA LED AL-29-BR 2W 3000K BRANCA
6445,ARANDELA,ARANDELA LED AL-31-PR 5W 3000K PRETA
6446,ARNADELA,ARANDELA LED AL-31-BR 5W 3000K BRANCA
6447,ARANDELA,ARANDELA LED AL-03A-PR 4W 3000K PRETA
6448,ARANDELA,ARANDELA LED AL-03A-BR 4W 3000K BRANCA
6449,BALIZADOR,BALIZADOR LED BL-020-PR 12W 65CM 3000K
6450,LUM PARA PISO,LUMINÁRIA PARA PISO LED BLD-001-PR 1W 3000K
6451,LUM PARA PISO,LUMINÁRIA PARA PISO LED BLD-004-PR 1W 3000K
6479,LUM EMERGENCIA,LUMINÁRIA DE EMERGÊNCIA 30LEDS 2W 6500K
6480,LUM EMERGENCIA,LUMINÁRIA DE EMERGÊNCIA 40LEDS 10W 6500K
6490,LUZ NOTURNA,LUZ NOTURNA LNL-001B 3000K
6491,LUZ NOTURNA,LUZ NOTURNA LNL-002B 3000K
6492,LUMINARIA,PLAFON SOBREPOR REDONDO PSR-002B/300 3EM1 20W BRANCO
6493,LUMINARIA,PLAFON SOBREPOR REDONDO PSR-002P/300 3EM1 20W PRETO
6494,LUMINARIA,PLAFON SOBREPOR REDONDO PSR-002B/400 3EM1 24W BRANCO
6495,LUMINARIA,PLAFON SOBREPOR REDONDO PSR-002P/400 3EM1 24W PRETO
6496,LUMINARIA,PLAFON SOBREPOR REDONDO PSR-003MD/300 3EM1 20W MADEIRA
6497,LUMINARIA,PLAFON SOBREPOR REDONDO PSR-003MD/400 3EM1 24W MADEIRA
6498,LUMINARIA,LUMINÁRIA LIGNA-001MD/650 3EM1 30W MADEIRA
6499,LUMINARIA,LUMINÁRIA LIGNA-001MD/950 3EM1 34W MADEIRA
6500,LUMINARIA,PLAFON SOBREPOR REDONDO PSR-004MD/385 3EM1 20W MADEIRA
6501,LUMINARIA,PLAFON SOBREPOR REDONDO PSR-005MD/385 3EM1 21W MADEIRA
6502,LUMINARIA,PLAFON SOBREPOR REDONDO PSR-006MD/390 3EM1 21W MADEIRA
6503,LUMINARIA,PLAFON SOBREPOR REDONDO PSR-006MD/485 3EM1 35W MADEIRA
6504,LUMINARIA,PLAFON SOBREPOR REDONDO PSR-007B/500 3EM1 32W BRANCO
6505,LUMINARIA,PLAFON SOBREPOR QUADRADO PSQ-007B/500 3EM1 36W BRANCO
6506,LUMINARIA,PLAFON SOBREPOR QUADRADO PSQ-007B/970 3EM1 75W BRANCO
6507,LUMINARIA,PLAFON SOBREPOR REDONDO PSR-008B/500 3EM1 35W BRANCO
6508,LUMINARIA,PLAFON SOBREPOR REDONDO PSR-008P/500 3EM1 35W PRETO
6509,LUMINARIA,PLAFON SOBREPOR REDONDO PSR-008B/600 3EM1 48W BRANCO
6510,LUMINARIA,PLAFON SOBREPOR REDONDO PSR-008P/600 3EM1 48W PRETO
6511,LUMINARIA,PLAFON SOBREPOR REDONDO PSR-009MD/400 3EM1 35W MADEIRA
6512,LUMINARIA,PLAFON SOBREPOR REDONDO PSR-010MD/400 3EM1 35W MADEIRA
6513,PENDENTE,PENDENTE LED NTL-018 3000K 7W
6514,PENDENTE,PENDENTE LPB-008 E27x1
6519,DRIVE,DRIVER PARA LUMINARIA 25W
6524,PENDENTE,LEGNA-001
6525,PENDENTE,LEGNA-002
6526,PENDENTE,LEGNA-003
6533,SPOT,LUMINARIA SPOT NX-05R 5W 3000K REDONDA AC100-240V PLASTICO
6534,SPOT,LUMINARIA SPOT NX-05R 5W 6500K REDONDA AC100-240V PLASTICO
6535,SPOT,LUMINARIA SPOT NX-05Q 5W 3000K QUADRADA AC100-240V PLASTICO
6536,SPOT,LUMINARIA SPOT NX-05Q 5W 6500K QUADRADA AC100-240V PLASTICO
6537,LAMPADA,LAMPADA LED T110 65W E27 100-240V
6538,LAMPADA,LAMPADA LED T130 80W E27 100-240V
6539,LAMPADA,LAMPADA LED T150 100W E27 100-240V
6541,PENDENTE,PENDENTE NT-304C G9X1
6542,PENDENTE,PENDENTE NT-304D G9X1
6543,PENDENTE,PENDENTE MADRI-250/MD E27X1
6544,PENDENTE,PENDENTE MADRI-230/MD E27x1
6546,PERFIL LED,PERFIL FLEXÍVEL 1010 2700K 220V 120LD 50M
6548,PERFIL LED,PERFIL FLEXÍVEL 1610 2700K 220V 50M IP65
6550,LUM SOBREPOR,LUMINÁRIA SOBREPOR LP-S004D 3EM1 20W
6551,SPOT,SPOT LED DIRECT-003P 6W 3000K
6552,SPOT,SPOT LED DIRECT-003B 6W 3000K
6553,SPOT,SPOT LED DIRECT-003BP 6W 3000K
6555,RABICHO,KIT RABICHO PERFIL LED FLEXÍVEL 1610
6556,RABICHO,KIT RABICHO PERFIL LED FLEXÍVEL 1010
6557,LUMINARIA,LUMINARIA SPOT LED NX-05R PRETO 5W 3000K
6558,LUMINARIA,LUMINARIA SPOT LED NX-05R PRETO 5W 6500K
6559,LUMINARIA,LUMINARIA SPOT LED NX-05Q PRETO 5W 3000K
6560,LUMINARIA,LUMINARIA SPOT LED NX-05Q PRETO 5W 6500K
6561,LUMINARIA,LUMINÁRIA DE EMB PL-004A 18W 6500K PRETA
6562,LUMINARIA,LUMINARIA EMB QD PL-005A 25W 6500K BLACK
6563,LUMINARIA,LUMINÁRIA DE SOB LED NL-LT018J 18W PRETA
6567,ESPELHO LED,ESPELHO LED TOUCH AURORA-120/3000K
6568,ESPELHO LED,ESPELHO LED TOUCH ORION-150/3000K
6570,ESPELHO LED,ESPELHO LED TOUCH VÉRTICE-80/3000K
6571,ESPELHO LED,ESPELHO LED TOUCH ELT-60R/3000K
6572,ESPELHO LED,ESPELHO LED TOUCH ELT-80R/3000K
6573,ESPELHO LED,ESPELHO LED TOUCH SERENA-80/3000K
6574,ESPELHO LED,ESPELHO LED TOUCH ORGANIC-80/3000K
6575,ESPELHO LED,ESPELHO LED LUZZIA-70/3000K
6576,LUMINARIA,PLAFON LED ORBITAL-001/400B 25W 3 EM 1
6577,LUMINARIA,PLAFON LED PRISMA-001/400B 3EM1 25W 3 EM 1
6578,LUMINARIA,PLAFON LED PRISMA-001/500B 3EM1 35W 3 EM 1
6579,LUMINARIA,PLAFON LED LUNA-400/MD 25W 3EM1
6580,PENDENTE,PENDENTE LED ACR-002D/150 35W 3EM1 1500mm
6581,PENDENTE,PENDENTE LED WAVES-001P 25W 3 EM 1
6582,LUMINARIA,PLAFON LED GEMINI-001B 30W 3EM1
6583,LUMINARIA,PLAFON LED GEMINI-001MD 30W 3EM1
6584,LUMINARIA,PLAFON LED NATURA-001/900MD 35W 3 EM 1
6585,PENDENTE,PENDENTE LED SOFT-001/980MD 35W 3 EM 1
6587,LUMINARIA,PLAFON LED CYGNUS-400/B 27W 3EM1
6588,LUMINARIA,PLAFON LED CYGNUS-400/P 27W 3EM1
6589,LUMINARIA,PLAFON LED CANNIS-400/MD 27W 3EM1
6590,PENDENTE,PENDENTE LED LUMMUS-500/P 45W 3EM1
6591,LUMINARIA,PLAFON LED VERSA-400/B 27W 3EM1
6592,SPOT,LUMINARIA SPOT LED DIRECT-005B BRANCO 10W 3000K
6593,SPOT,LUMINARIA SPOT LED DIRECT-005BP BRANCO E PRETO 10W 3000K
6594,SPOT,LUMINARIA SPOT LED DIRECT-005P PRETO 10W 3000K
6595,ARANDELA,ARANDELA LED ALN-301 12W 3000K
6596,ARANDELA,ARANDELA LED LUMIDOCK-001P 1W 3000K
6597,ARANDELA,ARANDELA LED LUMIDOCK-001B 1W 3000K
6604,PENDENTE,PENDENTE LED LM-007 E-27x7
6605,LUSTRE,LUSTRE LED BRISK-001/8 90W 3000K
6606,LUSTRE,LUSTRE LED BRISK-001/12 120W 3000K
6607,PENDENTE,PENDENTE LED ACR-002/180 40W 3EM1 1800MM
6608,LUM EMBUTIR,PAINEL LED DE EMBUTIR PLE-012Q 12W 6500K QUADRADO
6609,LUM EMBUTIR,PAINEL LED DE EMBUTIR PLE-018Q 18W 6500K QUADRADO
6610,LUM EMBUTIR,PAINEL LED DE EMBUTIR PLE-024Q 24W 6500K QUADRADO
6611,LUM EMBUTIR,PAINEL LED DE SOBREPOR PLS-012Q 12W 6500K QUADRADO
6612,LUM EMBUTIR,PAINEL LED DE SOBREPOR PLS-018Q 18W 6500K QUADRADO
6613,LUM EMBUTIR,PAINEL LED DE SOBREPOR PLS-024Q 24W 6500K QUADRADO
6614,REFLETOR,REFLETOR LED 50W 3000K RLA050-01
6615,REFLETOR,REFLETOR LED 50W 6500K RLB050-02
6616,REFLETOR,REFLETOR LED 100W 3000K RLA100-01
6617,REFLETOR,REFLETOR LED 100W 6500K RLB100-02
6618,REFLETOR,REFLETOR LED 200W 6500K RLB200-02
6632,REFLETOR,REFLETOR LED SLIM RLB200-01 200W 6500K
6633,REFLETOR,REFLETOR LED SLIM RLB400-01 400W 6500K
6635,REFLETOR,REFLETOR LED SLIM RLB100-01 100W 6500K
6636,REFLETOR,REFLETOR LED SLIM RLB300-01 300W 6500K
6637,REFLETOR,REFLETOR LED SLIM RLB500-01 500W 6500K
6638,REFLETOR,REFLETOR LED SLIM RLB020-01 20W 6500K
6640,REFLETOR,REFLETOR LED SLIM RLB050-01 50W 6500K
6646,PENDENTE,PENDENTE PSR-010MD/500
6648,LUMINARIA,LUMINÁRIA ULTRA SLIM 18W 6500K PRETA
6649,LUMINARIA,LUMINÁRIA ULTRA SLIM 36W 6500K PRETA
